[
  {
    "id": "65870c08-861f-4db9-be54-abcd302a13a8",
    "data": [
      {
        "text": "4",
        "meta": "@sys.ignore",
        "userDefined": false
      }
    ],
    "isTemplate": false,
    "count": 0,
    "lang": "en",
    "updated": 0
  },
  {
    "id": "63952780-c0a1-469a-abeb-0489f57918ec",
    "data": [
      {
        "text": "Deserts and Drinks",
        "userDefined": false
      }
    ],
    "isTemplate": false,
    "count": 0,
    "lang": "en",
    "updated": 0
  },
  {
    "id": "46f7588c-b30a-4320-a302-f81d46648f4a",
    "data": [
      {
        "text": "Desserts",
        "userDefined": false
      }
    ],
    "isTemplate": false,
    "count": 0,
    "lang": "en",
    "updated": 0
  },
  {
    "id": "4a907a93-65e0-4e49-88e0-0711cb76aed8",
    "data": [
      {
        "text": "Drinks",
        "userDefined": false
      }
    ],
    "isTemplate": false,
    "count": 0,
    "lang": "en",
    "updated": 0
  }
]