[
  {
    "id": "39173b66-1336-498a-8ead-3055c2f2b893",
    "data": [
      {
        "text": "Ice Cream",
        "userDefined": false
      }
    ],
    "isTemplate": false,
    "count": 0,
    "lang": "en",
    "updated": 0
  },
  {
    "id": "149dd9b0-4efb-4768-be0b-3aabb1868309",
    "data": [
      {
        "text": "pepper BBQ chicken",
        "userDefined": false
      }
    ],
    "isTemplate": false,
    "count": 0,
    "lang": "en",
    "updated": 0
  },
  {
    "id": "da92bb89-54c4-4b91-952d-1ff4c41c6496",
    "data": [
      {
        "text": "Gulab JAmOUn",
        "meta": "@sys.ignore",
        "userDefined": false
      }
    ],
    "isTemplate": false,
    "count": 0,
    "lang": "en",
    "updated": 0
  },
  {
    "id": "29162b0e-008e-4d1c-9409-02c0c96b0818",
    "data": [
      {
        "text": "Tomato Soup",
        "userDefined": false
      }
    ],
    "isTemplate": false,
    "count": 0,
    "lang": "en",
    "updated": 0
  },
  {
    "id": "dc4527ea-c8ac-415b-86cc-94ce1e8b750c",
    "data": [
      {
        "text": "Paneer Tikka",
        "userDefined": false
      }
    ],
    "isTemplate": false,
    "count": 0,
    "lang": "en",
    "updated": 0
  },
  {
    "id": "217e28fa-1fcb-441e-90cb-09396fd7f5f1",
    "data": [
      {
        "text": "vegetable Samosa",
        "userDefined": false
      }
    ],
    "isTemplate": false,
    "count": 0,
    "lang": "en",
    "updated": 0
  }
]