[
  {
    "id": "cd45edc1-82b6-4dfa-a678-ffe82e92aac7",
    "data": [
      {
        "text": "3",
        "meta": "@sys.ignore",
        "userDefined": false
      }
    ],
    "isTemplate": false,
    "count": 0,
    "lang": "en",
    "updated": 0
  },
  {
    "id": "5b796f93-41be-4f28-93d4-9d0c1323dc2d",
    "data": [
      {
        "text": "pizza",
        "userDefined": false
      }
    ],
    "isTemplate": false,
    "count": 0,
    "lang": "en",
    "updated": 0
  },
  {
    "id": "e9e08cc9-f05f-42c0-9ed3-e372578290fd",
    "data": [
      {
        "text": "pizzzzzzzzzaaaaaaaaaaaa",
        "userDefined": false
      }
    ],
    "isTemplate": false,
    "count": 0,
    "lang": "en",
    "updated": 0
  }
]